y;u;time
0.0;0;0.0
0.0;0;0.01
0.0;2;0.02
0.033589864930332315;2;0.03
0.11849013110267306;2;0.04
0.23529998631280075;2;0.05
0.3700029313151621;2;0.060000000000000005
0.5125529768090566;2;0.07
0.6559137819747127;2;0.08
0.7952751120871908;2;0.09
0.9275439122313787;2;0.09999999999999999
1.0508485041089248;2;0.10999999999999999
1.16419060332046;2;0.11999999999999998
1.267200426867537;2;0.12999999999999998
1.3599721488378937;2;0.13999999999999999
1.4429167517299037;2;0.15
1.516617282571104;2;0.16
1.5817346778701846;2;0.17
1.6389739366587246;2;0.18000000000000002
1.6890691089036667;2;0.19000000000000003
1.7327564771977237;2;0.20000000000000004
1.7707392561815467;2;0.21000000000000005
1.803665035984752;2;0.22000000000000006
1.8321277720812974;2;0.23000000000000007
1.8566724269119137;2;0.24000000000000007
1.8777930150667737;2;0.25000000000000006
1.8959318013968898;2;0.26000000000000006
1.9114823885030716;2;0.2700000000000001
1.9247929997041384;2;0.2800000000000001
1.9361685959283548;2;0.2900000000000001
1.945876658436895;2;0.3000000000000001
1.9541504192340076;2;0.3100000000000001
1.9611924265957785;2;0.3200000000000001
1.9671793064235954;2;0.3300000000000001
1.9722631774723598;2;0.34000000000000014
1.9765761115527092;2;0.35000000000000014
1.980229301209588;2;0.36000000000000015
1.9833228298709418;2;0.37000000000000016
1.985937257353781;2;0.38000000000000017
1.9881448407075053;2;0.3900000000000002
1.9900119068990825;2;0.4000000000000002
1.9915833310015496;2;0.4100000000000002
1.992910910066438;2;0.4200000000000002
1.99403186074531;2;0.4300000000000002
1.9949759204978628;2;0.4400000000000002
1.9957746959623464;2;0.45000000000000023
1.9964471503798151;2;0.46000000000000024
1.9970146365232102;2;0.47000000000000025
1.9974933349860695;2;0.48000000000000026
1.997895832873799;2;0.49000000000000027
1.998234747074884;2;0.5000000000000002
1.9985188315021098;2;0.5100000000000002
1.998757169354376;2;0.5200000000000002
1.998957513741404;2;0.5300000000000002
1.9991247513140138;2;0.5400000000000003
1.9992655658929304;2;0.5500000000000003
1.9993837445032194;2;0.5600000000000003
1.9994829168455168;2;0.5700000000000003
1.9995667597384894;2;0.5800000000000003
1.999637148170086;2;0.5900000000000003
1.9996964320360902;2;0.6000000000000003
1.999746281252777;2;0.6100000000000003
1.9997880645866115;2;0.6200000000000003
1.9998229814384307;2;0.6300000000000003
1.9998516600371514;2;0.6400000000000003
1.9998751028818493;2;0.6500000000000004
1.999894265172434;2;0.6600000000000004
1.9999102765149854;2;0.6700000000000004
1.999923036929419;2;0.6800000000000004
1.999931730405044;2;0.6900000000000004
1.9999382584440513;2;0.7000000000000004
1.9999437729726028;2;0.7100000000000004
1.9999498154468422;2;0.7200000000000004
1.9999527768516598;2;0.7300000000000004
1.9999544837470862;2;0.7400000000000004
1.9999561681389988;2;0.7500000000000004
1.9999587380523745;2;0.7600000000000005
1.9999623227618164;2;0.7700000000000005
1.999964425235912;2;0.7800000000000005
1.9999668128466854;2;0.7900000000000005
1.9999696094738992;2;0.8000000000000005
1.9999729253473963;2;0.8100000000000005
1.9999763908792483;2;0.8200000000000005
1.999979809544967;2;0.8300000000000005
1.9999831371072858;2;0.8400000000000005
1.9999861327564779;2;0.8500000000000005
1.9999887068141329;2;0.8600000000000005
1.9999932337132105;2;0.8700000000000006
1.9999981135158074;2;0.8800000000000006
2.0000031592126466;2;0.8900000000000006
2.000008119678668;2;0.9000000000000006
2.0000126796730275;2;0.9100000000000006
2.0000164598390984;2;0.9200000000000006
2.0000190167044694;2;0.9300000000000006
2.000019842680947;2;0.9400000000000006
2.000019451367022;2;0.9500000000000006
2.000023715174605;2;0.9600000000000006
2.0000277959383608;2;0.9700000000000006
2.0000315077121815;2;0.9800000000000006
2.0000346342942943;2;0.9900000000000007
2.0000369292272597;2;1.0000000000000007
2.0000381157979743;1;1.0100000000000007
1.9832527578126475;1;1.0200000000000007
1.9408144505625526;1;1.0300000000000007
1.882414278915758;1;1.0400000000000007
1.8150709891335992;1;1.0500000000000007
1.7438142099457252;1;1.0600000000000007
1.672148120799224;1;1.0700000000000007
1.6024548270765815;1;1.0800000000000007
1.5363053453547986;1;1.0900000000000007
1.474646853687566;1;1.1000000000000008
1.417975566415823;1;1.1100000000000008
1.3664561455172408;1;1.1200000000000008
1.3200373110943886;1;1.1300000000000008
1.2785343717694941;1;1.1400000000000008
1.2416740863608313;1;1.1500000000000008
1.209122220919322;1;1.1600000000000008
1.1805105417591635;1;1.1700000000000008
1.1554630122570284;1;1.1800000000000008
1.1336095514933744;1;1.1900000000000008
1.1146087538166685;1;1.2000000000000008
1.098132780464206;1;1.2100000000000009
1.0838924072780072;1;1.2200000000000009
1.0716181765972785;1;1.2300000000000009
1.0610594681270547;1;1.2400000000000009
1.0519985883394207;1;1.2500000000000009
1.044233362475074;1;1.260000000000001
1.0375864296897057;1;1.270000000000001
1.0319045805252298;1;1.280000000000001
1.0270531786355745;1;1.290000000000001
1.0229184190699916;1;1.300000000000001
1.0193985277823272;1;1.310000000000001
1.0164074220216122;1;1.320000000000001
1.0138678392726037;1;1.330000000000001
1.0117137212771534;1;1.340000000000001
1.0098872090527502;1;1.350000000000001
1.0083399318522317;1;1.360000000000001
1.0070297928627026;1;1.370000000000001
1.005921638976778;1;1.380000000000001
1.0049852250203182;1;1.390000000000001
1.0041946312496604;1;1.400000000000001
1.0035280398400326;1;1.410000000000001
1.0029669847723846;1;1.420000000000001
1.0024951587239763;1;1.430000000000001
1.0020977858613014;1;1.440000000000001
1.0017653376767737;1;1.450000000000001
1.0014861610330172;1;1.460000000000001
1.0012502669783019;1;1.470000000000001
1.0010534216476425;1;1.480000000000001
1.0008874380417672;1;1.490000000000001
1.0007465120002634;1;1.500000000000001
1.0006283342177547;1;1.5100000000000011
1.0005282826073387;1;1.5200000000000011
1.0004434269681297;1;1.5300000000000011
1.000371996508195;1;1.5400000000000011
1.000311775748641;1;1.5500000000000012
1.0002611818850726;1;1.5600000000000012
1.0002188968021102;1;1.5700000000000012
1.0001834890873622;1;1.5800000000000012
1.0001546093336977;1;1.5900000000000012
1.0001317506140213;1;1.6000000000000012
1.0001134739496222;1;1.6100000000000012
1.0000982842386072;1;1.6200000000000012
1.000084404428641;1;1.6300000000000012
1.000076829023354;1;1.6400000000000012
1.000071601400442;1;1.6500000000000012
1.0000673462517962;1;1.6600000000000013
1.00006217629488;1;1.6700000000000013
1.0000570195663132;1;1.6800000000000013
1.0000553510499306;1;1.6900000000000013
1.0000536232896609;1;1.7000000000000013
1.0000509813203016;1;1.7100000000000013
1.0000463572624871;1;1.7200000000000013
1.000042526372372;1;1.7300000000000013
1.0000389217297212;1;1.7400000000000013
1.00003497704172;1;1.7500000000000013
1.0000307873404601;1;1.7600000000000013
1.0000264806262216;1;1.7700000000000014
1.0000220906766146;1;1.7800000000000014
1.000017918572152;1;1.7900000000000014
1.000014236504745;1;1.8000000000000014
1.0000113661016354;1;1.8100000000000014
1.00000797521969;1;1.8200000000000014
1.0000035763862267;1;1.8300000000000014
0.9999991925698873;1;1.8400000000000014
0.9999950335836312;1;1.8500000000000014
0.9999913646337072;1;1.8600000000000014
0.9999885063196542;1;1.8700000000000014
0.9999868346343008;1;1.8800000000000014
0.9999867809637653;1;1.8900000000000015
0.999985904863421;1;1.9000000000000015
0.9999833205219604;1;1.9100000000000015
0.999981043712127;1;1.9200000000000015
0.9999792087225209;1;1.9300000000000015
0.9999779718318511;1;1.9400000000000015
0.9999775113089368;1;1.9500000000000015
0.9999780274127064;1;1.9600000000000015
0.9999797423921983;1;1.9700000000000015
0.9999812235235314;1;1.9800000000000015
0.9999816525555109;1;1.9900000000000015
0.9999823030146838;1;2.0000000000000013
0.9999831675010012;1;2.010000000000001
0.9999842380288921;1;2.020000000000001
0.999985506027263;1;2.0300000000000007
0.9999869623394985;1;2.0400000000000005
0.9999885972234608;1;2.0500000000000003
0.9999902447711165;1;2.06
0.9999917621362346;1;2.07
0.9999932466740756;1;2.0799999999999996
0.9999946542261626;1;2.0899999999999994
0.999995937762356;1;2.099999999999999
0.9999970473808529;1;2.109999999999999
0.9999979303081882;1;2.1199999999999988
0.999998530899233;1;2.1299999999999986
0.9999990651139933;1;2.1399999999999983
0.9999997694550781;1;2.149999999999998
1.0000003513662237;1;2.159999999999998
1.0000008057312093;1;2.1699999999999977
1.0000011289946693;1;2.1799999999999975
1.0000013191620922;1;2.1899999999999973
1.000001375799822;1;2.199999999999997
1.0000013000350574;1;2.209999999999997
1.0000012436823251;1;2.2199999999999966
1.000001353323272;1;2.2299999999999964
1.000001428959277;1;2.239999999999996
1.0000014723451212;1;2.249999999999996
1.0000014852355863;1;2.259999999999996
1.0000014693854533;1;2.2699999999999956
1.0000014265495039;1;2.2799999999999954
1.000001358482519;1;2.289999999999995
1.00000126693928;1;2.299999999999995
1.0000011536745683;1;2.3099999999999947
1.0000010204431653;1;2.3199999999999945
1.000000868999852;1;2.3299999999999943
1.0000007153625627;1;2.339999999999994
1.0000005874859592;1;2.349999999999994
1.0000004591269833;1;2.3599999999999937
1.0000003329710723;1;2.3699999999999934
1.0000002117036628;1;2.3799999999999932
1.0000000980101917;1;2.389999999999993
0.9999999945760959;1;2.399999999999993
0.9999999040868123;1;2.4099999999999926
0.9999998292277776;1;2.4199999999999924
0.9999997726844291;1;2.429999999999992
0.9999997371422032;1;2.439999999999992
0.9999997252865371;1;2.4499999999999917
0.9999996998301519;1;2.4599999999999915
0.999999534164586;1;2.4699999999999913
0.9999993654517905;1;2.479999999999991
0.9999991955757339;1;2.489999999999991
0.999999026420385;1;2.4999999999999907
0.9999988598697123;1;2.5099999999999905
0.9999986978076844;1;2.5199999999999902
0.9999985421182699;1;2.52999999999999
0.9999983946854374;1;2.53999999999999
0.9999982573931555;1;2.5499999999999896
0.9999981321253928;1;2.5599999999999894
0.9999980207661179;1;2.569999999999989
0.9999979251992994;1;2.579999999999989
0.999997847308906;1;2.5899999999999888
0.999997788978906;1;2.5999999999999885
0.9999977520932682;1;2.6099999999999883
0.9999977385359614;1;2.619999999999988
0.9999977501909538;1;2.629999999999988
0.9999977889422142;1;2.6399999999999877
0.9999978566737113;1;2.6499999999999875
0.9999979552694135;1;2.6599999999999873
0.9999980866132895;1;2.669999999999987
0.9999982525893079;1;2.679999999999987
0.9999984550814371;1;2.6899999999999866
0.9999985389461836;1;2.6999999999999864
0.999998497635994;1;2.709999999999986
0.9999984601318421;1;2.719999999999986
0.9999984267961227;1;2.7299999999999858
0.9999983979912308;1;2.7399999999999856
0.9999983740795612;1;2.7499999999999853
0.9999983554235087;1;2.759999999999985
0.9999983423854684;1;2.769999999999985
0.9999983353278349;1;2.7799999999999847
0.9999983346130034;1;2.7899999999999845
0.9999983406033685;1;2.7999999999999843
0.9999983536613253;1;2.809999999999984
0.9999983741492685;1;2.819999999999984
0.9999984024295933;1;2.8299999999999836
0.9999984388646942;1;2.8399999999999834
0.9999984838169662;1;2.849999999999983
0.9999985376488043;1;2.859999999999983
0.9999986007226034;1;2.869999999999983
0.9999986734007582;1;2.8799999999999826
0.9999987560456637;1;2.8899999999999824
0.9999988490197147;1;2.899999999999982
0.9999989526853063;1;2.909999999999982
0.9999990674048331;1;2.9199999999999817
0.9999991935406902;1;2.9299999999999815
0.9999992140560251;1;2.9399999999999813
0.999999213034407;1;2.949999999999981
0.9999992092053102;1;2.959999999999981
0.999999202633132;1;2.9699999999999807
0.999999193402254;1;2.9799999999999804
0.9999991816170422;1;2.9899999999999802
0.9999991674018466;1;2.99999999999998
0.9999991509010021;1;3.00999999999998
0.9999991322788276;-1;3.0199999999999796
0.966423945541344;-1;3.0299999999999794
0.881556979463385;-1;3.039999999999979
0.7647313905273305;-1;3.049999999999979
0.6300547685847481;-1;3.0599999999999787
0.4875186963396504;-1;3.0699999999999785
0.34416839298564705;-1;3.0799999999999783
0.20481563085611962;-1;3.089999999999978
0.0725260551946075;-1;3.099999999999978
-0.05080807617909539;-1;3.1099999999999777
-0.16416811907764461;-1;3.1199999999999775
-0.26720262370759507;-1;3.1299999999999772
-0.3600101755860064;-1;3.139999999999977
-0.44298145978303133;-1;3.149999999999977
-0.5166823102260908;-1;3.1599999999999766
-0.5817816718646869;-1;3.1699999999999764
-0.6390044843267554;-1;3.179999999999976
-0.6890938009939483;-1;3.189999999999976
-0.7327798198893627;-1;3.1999999999999758
-0.7707580999568564;-1;3.2099999999999755
-0.8036775424607584;-1;3.2199999999999753
-0.8321358393948208;-1;3.229999999999975
-0.8566784764705605;-1;3.239999999999975
-0.8777988238959753;-1;3.2499999999999747
-0.8959393552650505;-1;3.2599999999999745
-0.9114918415920246;-1;3.2699999999999743
-0.9248052950810073;-1;3.279999999999974
-0.9361809507618886;-1;3.289999999999974
-0.9458886500769358;-1;3.2999999999999736
-0.9541589546589346;-1;3.3099999999999734
-0.9611972084844247;-1;3.319999999999973
-0.9671797767738781;-1;3.329999999999973
-0.9722607389844051;-1;3.3399999999999728
-0.9765717528637827;-1;3.3499999999999726
-0.9802269466073175;-1;3.3599999999999723
-0.9833229431535239;-1;3.369999999999972
-0.985943048340342;-1;3.379999999999972
-0.9881582780723;-1;3.3899999999999717
-0.9900296559162565;-1;3.3999999999999715
-0.9916094883837672;-1;3.4099999999999713
-0.9929422944121113;-1;3.419999999999971
-0.9940664725860119;-1;3.429999999999971
-0.9950138327361711;-1;3.4399999999999706
-0.9958121138765178;-1;3.4499999999999704
-0.996484126946909;-1;3.45999999999997
-0.997049351159375;-1;3.46999999999997
-0.9975239567753915;-1;3.47999999999997
-0.9979227179719274;-1;3.4899999999999696
-0.9982566321849417;-1;3.4999999999999694
-0.9985356203183352;-1;3.509999999999969
-0.998770644769599;-1;3.519999999999969
-0.9989664187573187;-1;3.5299999999999687
-0.999130162957053;-1;3.5399999999999685
-0.9992693625022875;-1;3.5499999999999683
-0.9993851126748776;-1;3.559999999999968
-0.9994828661142603;-1;3.569999999999968
-0.999566087894434;-1;3.5799999999999677
-0.9996359739989945;-1;3.5899999999999674
-0.9996950216268325;-1;3.5999999999999672
-0.9997448228058652;-1;3.609999999999967
-0.9997866195563488;-1;3.619999999999967
-0.9998216191358156;-1;3.6299999999999666
-0.9998505018273;-1;3.6399999999999664
-0.999873618829769;-1;3.649999999999966
-0.9998921247708006;-1;3.659999999999966
-0.9999071862510212;-1;3.6699999999999657
-0.9999203528823103;-1;3.6799999999999655
-0.9999297553709738;-1;3.6899999999999653
-0.9999349055569784;-1;3.699999999999965
-0.9999383862012021;-1;3.709999999999965
-0.9999417067624994;-1;3.7199999999999647
-0.9999469127462264;-1;3.7299999999999645
-0.9999493141718442;-1;3.7399999999999642
-0.9999496834064452;-1;3.749999999999964
-0.999950362875501;-1;3.759999999999964
-0.9999523132759081;-1;3.7699999999999636
-0.9999567441155306;-1;3.7799999999999634
-0.9999596553967193;-1;3.789999999999963
-0.9999625272103141;-1;3.799999999999963
-0.9999658709144452;-1;3.8099999999999627
-0.9999696570005444;-1;3.8199999999999625
-0.9999738130055525;-1;3.8299999999999623
-0.9999784798845911;-1;3.839999999999962
-0.9999833709709945;-1;3.849999999999962
-0.9999882963050202;-1;3.8599999999999617
-0.9999930196688913;-1;3.8699999999999615
-0.9999972585867968;-1;3.8799999999999613
-1.0000006843248912;-1;3.889999999999961
-1.000002921891295;-1;3.899999999999961
-1.0000041650235503;-1;3.9099999999999606
-1.000007810250951;-1;3.9199999999999604
-1.0000111384416048;-1;3.92999999999996
-1.0000140181744326;-1;3.93999999999996
-1.000016301192102;-1;3.9499999999999598
-1.0000178224010259;-1;3.9599999999999596
-1.0000183998713639;-1;3.9699999999999593
-1.000017834837021;-1;3.979999999999959
-1.0000167375074986;-1;3.989999999999959
-1.0000168039508635;-1;3.9999999999999587
-1.0000165560506982;-1;4.009999999999959
-1.0000160122733424;-1;4.019999999999959
-1.0000151952017302;-1;4.0299999999999585
-1.0000141315353905;-1;4.039999999999958
-1.000012852090446;-1;4.049999999999958
-1.0000113917996145;-1;4.059999999999958
-1.000009828796545;-1;4.069999999999958
-1.0000082447027911;-1;4.079999999999957
-1.00000665747412;-1;4.089999999999957
-1.0000051273650767;-1;4.099999999999957
-1.0000037193917852;-1;4.109999999999957
-1.0000025033319484;-1;4.119999999999957
-1.0000015537248488;-1;4.129999999999956
-1.0000009498713476;-1;4.139999999999956
-0.9999998541071403;-1;4.149999999999956
-0.9999982032159577;-1;4.159999999999956
-0.9999965349458189;-1;4.1699999999999555
-0.9999948819702326;-1;4.179999999999955
-0.9999932818874935;-1;4.189999999999955
-0.9999917772206828;-1;4.199999999999955
-0.9999904154176679;-1;4.209999999999955
-0.9999892488511024;-1;4.2199999999999545
-0.9999883348184262;-1;4.229999999999954
-0.9999877355418656;-1;4.239999999999954
-0.9999875181684331;-1;4.249999999999954
-0.9999877547699274;-1;4.259999999999954
-0.9999885223429337;-1;4.269999999999953
-0.9999894788872042;-1;4.279999999999953
-0.9999888305877283;-1;4.289999999999953
-0.9999882433208831;-1;4.299999999999953
-0.9999877299006881;-1;4.3099999999999525
-0.9999873045808354;-1;4.319999999999952
-0.9999869830546905;-1;4.329999999999952
-0.9999867824552915;-1;4.339999999999952
-0.9999867213553495;-1;4.349999999999952
-0.9999868197672488;-1;4.3599999999999515
-0.9999870991430464;-1;4.369999999999951
-0.9999875823744723;-1;4.379999999999951
-0.9999882937929294;-1;4.389999999999951
-0.9999892591694939;-1;4.399999999999951
-0.9999905057149144;-1;4.40999999999995
-0.9999911896939354;-1;4.41999999999995
-0.9999916697249165;-1;4.42999999999995
-0.9999921761518209;-1;4.43999999999995
-0.9999927037312186;-1;4.4499999999999496
-0.9999932469527073;-1;4.459999999999949
-0.9999938000389125;-1;4.469999999999949
-0.999994356945487;-1;4.479999999999949
-0.9999949113611115;-1;4.489999999999949
-0.9999954567074945;-1;4.4999999999999485
-0.9999959861393718;-1;4.509999999999948
-0.999996492544507;-1;4.519999999999948
-0.9999969685436912;-1;4.529999999999948
-0.9999974064907436;-1;4.539999999999948
-0.9999978416502469;-1;4.549999999999947
-0.9999983275071946;-1;4.559999999999947
-0.9999987887953312;-1;4.569999999999947
-0.9999992211268632;-1;4.579999999999947
-0.9999996200439152;-1;4.589999999999947
-0.9999999810185306;-1;4.599999999999946
-1.000000299452671;-1;4.609999999999946
-1.0000005706782165;-1;4.619999999999946
-1.0000007899569658;-1;4.629999999999946
-1.0000009524806355;-1;4.6399999999999455
-1.0000010533708614;-1;4.649999999999945
-1.000001087679197;-1;4.659999999999945
-1.0000010503871146;-1;4.669999999999945
-1.0000009364060052;-1;4.679999999999945
-1.0000010418628782;-1;4.689999999999944
-1.0000011529873185;-1;4.699999999999944
-1.0000012493428203;-1;4.709999999999944
-1.0000013311192013;-1;4.719999999999944
-1.0000013984910674;-1;4.729999999999944
-1.0000014516178126;-1;4.739999999999943
-1.0000014906436194;-1;4.749999999999943
-1.0000015156974582;-1;4.759999999999943
-1.0000015268930875;-1;4.769999999999943
-1.0000015243290543;-1;4.7799999999999425
-1.0000015080886937;-1;4.789999999999942
-1.0000014782401285;-1;4.799999999999942
-1.00000143483627;-1;4.809999999999942
-1.0000013779148182;-1;4.819999999999942
-1.0000013074982603;-1;4.8299999999999415
-1.0000012235938724;-1;4.839999999999941
-1.0000011261937185;-1;4.849999999999941
-1.0000010152746506;-1;4.859999999999941
-1.0000008907983093;-1;4.869999999999941
-1.0000007527111232;-1;4.87999999999994
-1.0000006736363867;-1;4.88999999999994
-1.000000613911574;-1;4.89999999999994
-1.0000005521270123;-1;4.90999999999994
-1.000000488582451;-1;4.9199999999999395
-1.0000004235776392;-1;4.929999999999939
-1.0000003574123264;-1;4.939999999999939
-1.0000002903862617;-1;4.949999999999939
-1.0000002227991949;-1;4.959999999999939
-1.000000154950875;-1;4.9699999999999385
-1.0000000871410513;-1;4.979999999999938
-1.0000000196694732;-1;4.989999999999938
-0.9999999528358902;-1;4.999999999999938
-0.9999998869400514;-1;5.009999999999938
-0.9999998222817063;0;5.019999999999937
-0.9832016647284868;0;5.029999999999937
-0.9407599543948367;0;5.039999999999937
-0.8823471767188493;0;5.049999999999937
-0.8149932966166317;0;5.0599999999999365
-0.7437104919200217;0;5.069999999999936
-0.6720401466145329;0;5.079999999999936
-0.6023677839371478;0;5.089999999999936
-0.5362342376462204;0;5.099999999999936
-0.474582547917621;0;5.1099999999999355
-0.4179168844933719;0;5.119999999999935
-0.36642053822866155;0;5.129999999999935
-0.32003455924365415;0;5.139999999999935
-0.27855299662278327;0;5.149999999999935
-0.24169348420089376;0;5.159999999999934
-0.20913064799725545;0;5.169999999999934
-0.18051068882204757;0;5.179999999999934
-0.15546367466290834;0;5.189999999999934
-0.13362033580712135;0;5.199999999999934
-0.11462861711910219;0;5.209999999999933
-0.09816518267536103;0;5.219999999999933
-0.08393366678395131;0;5.229999999999933
-0.07166167742643628;0;5.239999999999933
-0.06110152810093249;0;5.2499999999999325
-0.052031399639428974;0;5.259999999999932
-0.044254643104257786;0;5.269999999999932
-0.03759620840928174;0;5.279999999999932
-0.0319063565515162;0;5.289999999999932
-0.027047577613518274;0;5.299999999999931
-0.022910052679983143;0;5.309999999999931
-0.019387412427828175;0;5.319999999999931
-0.01639664024440472;0;5.329999999999931
-0.013858262713681822;0;5.339999999999931
-0.011706198275734797;0;5.34999999999993
-0.00988337322089536;0;5.35999999999993
-0.008338483347462816;0;5.36999999999993
-0.00703093311827197;0;5.37999999999993
-0.005923981040957764;0;5.3899999999999295
-0.004987971232563418;0;5.399999999999929
-0.004197519585008425;0;5.409999999999929
-0.0035305972948632453;0;5.419999999999929
-0.0029685701432736705;0;5.429999999999929
-0.002495494341242864;0;5.4399999999999284
-0.0020968872025647007;0;5.449999999999928
-0.0017616251710891471;0;5.459999999999928
-0.0014789767816848778;0;5.469999999999928
-0.001241137883657613;0;5.479999999999928
-0.0010408665873406007;0;5.489999999999927
-0.0008724493909079904;0;5.499999999999927
-0.0007310454089759176;0;5.509999999999927
-0.0006124934048130844;0;5.519999999999927
-0.0005132660729272223;0;5.5299999999999265
-0.00043015534682050655;0;5.539999999999926
-0.00036130918481658226;0;5.549999999999926
-0.0003043057644201167;0;5.559999999999926
-0.00025660859914910025;0;5.569999999999926
-0.00021657078664732304;0;5.5799999999999255
-0.0001842640902372132;0;5.589999999999925
-0.00015718220111962685;0;5.599999999999925
-0.00013352138197370825;0;5.609999999999925
-0.00011422892099345873;0;5.619999999999925
-9.793771983694467e-05;0;5.629999999999924
-8.366225788200615e-05;0;5.639999999999924
-7.104611059428252e-05;0;5.649999999999924
-6.0342042845039094e-05;0;5.659999999999924
-5.100795551846728e-05;0;5.6699999999999235
-4.290893912444921e-05;0;5.679999999999923
-3.5892468536425005e-05;0;5.689999999999923
-2.991221655582187e-05;0;5.699999999999923
-2.4916876156751517e-05;0;5.709999999999923
-2.0823067638117326e-05;0;5.7199999999999225
-1.75015617660414e-05;0;5.729999999999922
-1.4810762646027465e-05;0;5.739999999999922
-1.2559580677051156e-05;0;5.749999999999922
-1.1469478118500857e-05;0;5.759999999999922
-1.1052239741346013e-05;0;5.769999999999921
-1.1090079325388103e-05;0;5.779999999999921
-1.1237672702662893e-05;0;5.789999999999921
-1.0995397930134359e-05;0;5.799999999999921
-1.0858767489163423e-05;0;5.809999999999921
-1.2335774214263207e-05;0;5.81999999999992
-1.3944164847612442e-05;0;5.82999999999992
-1.5345723477317964e-05;0;5.83999999999992
-1.6077038603692697e-05;0;5.84999999999992
-1.5531197168487382e-05;0;5.8599999999999195
-1.5707743665796817e-05;0;5.869999999999919
-1.6431603398528072e-05;0;5.879999999999919
-1.685171651724377e-05;0;5.889999999999919
-1.6808851672007213e-05;0;5.899999999999919
-1.6108196300619157e-05;0;5.909999999999918
-1.4597156168049274e-05;0;5.919999999999918
-1.362378291957125e-05;0;5.929999999999918
-1.2442779353797854e-05;0;5.939999999999918
-1.1116246960094508e-05;0;5.949999999999918
-9.72719508498215e-06;0;5.959999999999917
-8.380914948490582e-06;0;5.969999999999917
-7.0460811273607065e-06;0;5.979999999999917
-5.58143412690064e-06;0;5.989999999999917
-4.218318636802767e-06;0;5.9999999999999165
-3.0322184566847884e-06;0;6.009999999999916
-2.1048876230422183e-06;0;6.019999999999916
-1.524057588055828e-06;0;6.029999999999916
-6.072875350092499e-07;0;6.039999999999916
4.930572018898836e-07;0;6.0499999999999154
1.5412945304953316e-06;0;6.059999999999915
2.5028158557333065e-06;0;6.069999999999915
3.3362223904466134e-06;0;6.079999999999915
3.993325155394649e-06;0;6.089999999999915
4.419144979253401e-06;0;6.099999999999914
4.551912498615454e-06;0;6.109999999999914
4.323068157989983e-06;0;6.119999999999914
4.247391595208619e-06;0;6.129999999999914
4.569552079401634e-06;0;6.1399999999999135
4.82408135333259e-06;0;6.149999999999913
5.000226720753109e-06;0;6.159999999999913
5.085375625477615e-06;0;6.169999999999913
5.065055651383324e-06;0;6.179999999999913
4.922934522410247e-06;0;6.1899999999999125
4.640820102561191e-06;0;6.199999999999912
4.198660395901756e-06;0;6.209999999999912
3.702357341281262e-06;0;6.219999999999912
3.4417259465915093e-06;0;6.229999999999912
3.1594029265348624e-06;0;6.239999999999911
2.8617585748611726e-06;0;6.249999999999911
2.5554700160230194e-06;0;6.259999999999911
2.247521205175711e-06;0;6.269999999999911
1.9452029281772836e-06;0;6.2799999999999105
1.6561128015885031e-06;0;6.28999999999991
1.388155272672863e-06;0;6.29999999999991
1.146340391674166e-06;0;6.30999999999991
8.73457785768023e-07;0;6.31999999999991
6.195142429116781e-07;0;6.3299999999999095
3.8906294129359617e-07;0;6.339999999999909
1.866665528864726e-07;0;6.349999999999909
1.689724344723234e-08;0;6.359999999999909
-1.1566332748296896e-07;0;6.369999999999909
-2.0642400657874624e-07;0;6.379999999999908
-2.507841467304839e-07;0;6.389999999999908
-2.441336070443366e-07;0;6.399999999999908
-3.056811600395022e-07;0;6.409999999999908
-3.7660286084513895e-07;0;6.419999999999908
-4.3462907164970496e-07;0;6.429999999999907
-4.799751138808074e-07;0;6.439999999999907
-5.128706986028676e-07;0;6.449999999999907
-5.335599265171191e-07;0;6.459999999999907
-5.423012879616088e-07;0;6.4699999999999065
-5.393676629111964e-07;0;6.479999999999906
-5.250463209775547e-07;0;6.489999999999906
-4.996389214091691e-07;0;6.499999999999906
-4.634615130913384e-07;0;6.509999999999906
-4.168445345461739e-07;0;6.519999999999905
-3.601328139326002e-07;0;6.529999999999905
-2.936855690463546e-07;0;6.539999999999905
-2.178764073199876e-07;0;6.549999999999905
-1.562021918635344e-07;0;6.559999999999905
-9.415854402540136e-08;0;6.569999999999904
-3.088239116450975e-08;0;6.579999999999904
3.250712350409653e-08;0;6.589999999999904
9.48509378092937e-08;0;6.599999999999904
1.5495007062387784e-07;0;6.6099999999999035
2.1156562186456465e-07;0;6.619999999999903
2.6341877249198967e-07;0;6.629999999999903
3.091907845107079e-07;0;6.639999999999903
3.4752300096919453e-07;0;6.649999999999903
3.770168459598441e-07;0;6.659999999999902
3.96233824618971e-07;0;6.669999999999902
4.0369552312680947e-07;0;6.679999999999902
3.978836087075133e-07;0;6.689999999999902
3.773386376630072e-07;0;6.699999999999902
3.9916855558821324e-07;0;6.709999999999901
4.1721988015748557e-07;0;6.719999999999901
4.3131837415616906e-07;0;6.729999999999901
4.4131288276351883e-07;0;6.739999999999901
4.470753335527009e-07;0;6.7499999999999005
4.48500736490792e-07;0;6.7599999999999
4.4550718393877913e-07;0;6.7699999999999
4.380358506515602e-07;0;6.7799999999999
4.260509937779434e-07;0;6.7899999999999
4.095399528606479e-07;0;6.7999999999998995
3.8851314983630307e-07;0;6.809999999999899
3.6300408903544935e-07;0;6.819999999999899
3.330693571825373e-07;0;6.829999999999899
2.9878862339592837e-07;0;6.839999999999899
2.633423498419374e-07;0;6.849999999999898
2.569193850974941e-07;0;6.859999999999898
2.505051215569775e-07;0;6.869999999999898
2.44075228886499e-07;0;6.879999999999898
2.3760537675217047e-07;0;6.8899999999998975
2.310712348201035e-07;0;6.899999999999897
2.2444847275640968e-07;0;6.909999999999897
2.1771276022720067e-07;0;6.919999999999897
2.108397668985881e-07;0;6.929999999999897
2.038051624366837e-07;0;6.9399999999998965
1.9658461650759902e-07;0;6.949999999999896
1.8915379877744576e-07;0;6.959999999999896
1.8148837891233555e-07;0;6.969999999999896
1.7356402657838e-07;0;6.979999999999896
1.6535641144169078e-07;0;6.989999999999895
1.5684120316837955e-07;0;6.999999999999895
1.4799407142455797e-07;0;7.009999999999895
1.3879068587633762e-07;0;7.019999999999895
1.2920671618983022e-07;0;7.0299999999998946
1.1921783203114734e-07;0;7.039999999999894
1.0879970306640068e-07;0;7.049999999999894
9.792799896170185e-08;0;7.059999999999894
8.657838938316253e-08;0;7.069999999999894
7.472654399689433e-08;0;7.0799999999998935
6.23481324690089e-08;0;7.089999999999893
4.941882446561792e-08;0;7.099999999999893
3.5914289652833e-08;0;7.109999999999893
2.1810197696765783e-08;0;7.119999999999893
7.082218263527923e-09;0;7.129999999999892
-6.960513506836609e-09;0;7.139999999999892
-1.346571723837247e-08;0;7.149999999999892
-1.9704887595383512e-08;0;7.159999999999892
-2.5670354458393583e-08;0;7.169999999999892
-3.1354447707926444e-08;0;7.179999999999891
-3.674949722450593e-08;0;7.189999999999891
-4.184783288865585e-08;0;7.199999999999891
-4.6641784580899985e-08;0;7.209999999999891
-5.112368218176216e-08;0;7.2199999999998905
-5.528585557176619e-08;0;7.22999999999989
-5.9120634631435844e-08;0;7.23999999999989
-6.262034924129496e-08;0;7.24999999999989
-6.577732928186732e-08;0;7.25999999999989
-6.858390463367677e-08;0;7.269999999999889
-7.103240517724705e-08;0;7.279999999999889
-7.311516079310204e-08;0;7.289999999999889
-7.482450136176548e-08;0;7.299999999999889
-7.615275676376121e-08;0;7.309999999999889
-7.709225687961305e-08;0;7.319999999999888
-7.763533158984476e-08;0;7.329999999999888
-7.777431077498019e-08;0;7.339999999999888
-7.750152431554311e-08;0;7.349999999999888
-7.680930209205736e-08;0;7.3599999999998875
-7.568997398504672e-08;0;7.369999999999887
-7.4135869875035e-08;0;7.379999999999887
-7.2139319642546e-08;0;7.389999999999887
-6.969265316810353e-08;0;7.399999999999887
-6.678820033223142e-08;0;7.4099999999998865
-6.341829101545343e-08;0;7.419999999999886
-6.070271945881196e-08;0;7.429999999999886
-6.212274481884092e-08;0;7.439999999999886
-6.349107252327416e-08;0;7.449999999999886
-6.480564683166419e-08;0;7.459999999999885
-6.606441200356356e-08;0;7.469999999999885
-6.726531229852492e-08;0;7.479999999999885
-6.840629197610074e-08;0;7.489999999999885
-6.948529529584362e-08;0;7.4999999999998845
-7.050026651730614e-08;0;7.509999999999884
-7.14491499000408e-08;0;7.519999999999884
-7.232988970360023e-08;0;7.529999999999884
-7.314043018753699e-08;0;7.539999999999884
-7.38787156114036e-08;0;7.5499999999998835
-7.454269023475264e-08;0;7.559999999999883
-7.513029831713667e-08;0;7.569999999999883
-7.563948411810826e-08;0;7.579999999999883
-7.606819189721999e-08;0;7.589999999999883
-7.641436591402437e-08;0;7.599999999999882
-7.667595042807401e-08;0;7.609999999999882
-7.685088969892144e-08;0;7.619999999999882
-7.693712798611926e-08;0;7.629999999999882
-7.693260954922e-08;0;7.6399999999998816
-7.683527864777622e-08;0;7.649999999999881
-7.664307954134052e-08;0;7.659999999999881
-7.635395648946542e-08;0;7.669999999999881
-7.59658537517035e-08;0;7.679999999999881
-7.547671558760733e-08;0;7.6899999999998805
-7.488448625672945e-08;0;7.69999999999988
-7.418711001862247e-08;0;7.70999999999988
-7.338253113283889e-08;0;7.71999999999988
-7.246869385893131e-08;0;7.72999999999988
-7.144354245645228e-08;0;7.739999999999879
-7.030502118495437e-08;0;7.749999999999879
-6.905107430399015e-08;0;7.759999999999879
-6.767964607311216e-08;0;7.769999999999879
-6.618868075187297e-08;0;7.779999999999879
-6.457612259982515e-08;0;7.789999999999878
-6.283991587652127e-08;0;7.799999999999878
-6.097800484151386e-08;0;7.809999999999878
-5.8988333754355514e-08;0;7.819999999999878
-5.6868846874598776e-08;0;7.8299999999998775
-5.4617488461796224e-08;0;7.839999999999877
-5.223220277550041e-08;0;7.849999999999877
-4.971093407526389e-08;0;7.859999999999877
-4.705162662063925e-08;0;7.869999999999877
-4.425222467117903e-08;0;7.879999999999876
-4.1310672486435795e-08;0;7.889999999999876
-3.822491432596211e-08;0;7.899999999999876
-3.4992894449310546e-08;0;7.909999999999876
-3.1612557116033655e-08;0;7.919999999999876
-2.8566821062334176e-08;0;7.929999999999875
-2.881035965115068e-08;0;7.939999999999875
-2.9073204880002732e-08;0;7.949999999999875
-2.9354496259200872e-08;0;7.959999999999875
-2.9653373299055733e-08;0;7.9699999999998745
-2.996897550987772e-08;0;7.979999999999874
-3.0300442401977414e-08;0;7.989999999999874
-3.064691348566537e-08;0;7.999999999999874
-3.100752827125208e-08;0;8.009999999999874
